<?xml version="1.0" encoding="UTF-8"?>
<config xmlns="http://www.knime.org/2008/09/XMLConfig" xmlns:xsi="http://www.w3.org/2001/XMLSchema-instance" xsi:schemaLocation="http://www.knime.org/2008/09/XMLConfig http://www.knime.org/XMLConfig_2008_09.xsd" key="db_session">
    <config key="Session Info">
        <entry key="version" type="xint" value="4"/>
        <entry key="sessionID" type="xstring" value="57abfb3a-32c4-4f1a-aa5c-29043693dfb1"/>
        <entry key="dbTypeId" type="xstring" value="postgres"/>
        <entry key="dialectId" type="xstring" value="postgres"/>
        <entry key="dbURL" type="xstring" value="jdbc:postgresql://localhost:49168/postgres"/>
        <entry key="authenticationType" type="xstring" value="USER_PWD"/>
        <entry key="dbUser" type="xstring" value="student"/>
        <entry key="dbPassword" type="xpassword" value="02BwAAAGMq_QxveL1vZ0EBjwhB3XiQXQFMPIL1"/>
        <entry key="host" type="xstring" value="localhost"/>
    </config>
    <config key="Driver Definition">
        <entry key="driverId" type="xstring" value="built-in-postgres-42.3.5"/>
        <entry key="driverName" type="xstring" value="Driver for PostgreSQL v. 42.3.5"/>
        <entry key="driverVersion" type="xstring" value="42.3.0"/>
        <entry key="driverClass" type="xstring" value="org.postgresql.Driver"/>
        <entry key="driverDescription" type="xstring" value=""/>
        <entry key="driverOrigin" type="xstring" value="EXTENSION"/>
    </config>
    <config key="Attributes"/>
</config>
